Metric,UK,Optimal
Epsilon,1.0,1.0
Gini,0.35320523879675925,0.38176035561065746
Revenue,12242644.549889248,11630896.302652044
Atkinson_Social_Welfare,20316.475539145827,20752.54055912705
Allowance,12570.0,12411.138329032216
Basic_Threshold,50270.0,60000.0
Higher_Threshold,125140.0,130000.0
Basic_Rate,0.2,0.20413108306595285
Higher_Rate,0.4,0.2718797347679385
Top_Rate,0.45,0.4
