Metric,UK,Optimal
Epsilon,2.0,2.0
Gini,0.35320523879675925,0.33993810019535764
Revenue,12242644.549889248,11633996.086378139
Atkinson_Social_Welfare,16303.595006671936,16624.46777685307
Allowance,12570.0,18240.138294163273
Basic_Threshold,50270.0,33191.229945896994
Higher_Threshold,125140.0,101513.24027771721
Basic_Rate,0.2,0.20452961095138675
Higher_Rate,0.4,0.3774770626266186
Top_Rate,0.45,0.43363527532825485
