Metric,UK,Optimal
Epsilon,1.5,1.5
Gini,0.35320523879675925,0.35309140979454856
Revenue,12242644.549889248,11632741.390702367
Atkinson_Social_Welfare,18196.777739650883,18500.735367528065
Allowance,12570.0,15995.170836904039
Basic_Threshold,50270.0,39987.468840189475
Higher_Threshold,125140.0,130000.0
Basic_Rate,0.2,0.2042742076091615
Higher_Rate,0.4,0.35820848314452186
Top_Rate,0.45,0.40820848314452185
